{
    "utterances": [
        {
            "text": "make the cube green",
            "entities": [
                {
                    "entity": "shape:shape",
                    "start": 8,
                    "end": 14,
                    "body": " cube ",
                    "entities": []
                },
                {
                    "entity": "color:color",
                    "start": 14,
                    "end": 19,
                    "body": "green",
                    "entities": []
                }
            ],
            "traits": [],
            "intent": "change_color"
        }
    ]
}
