{
    "name": "shape",
    "roles": [
        "shape"
    ],
    "lookups": [
        "free-text",
        "keywords"
    ],
    "keywords": [
        {
            "keyword": "capsule",
            "synonyms": [
                "capsule",
                "pill"
            ]
        },
        {
            "keyword": "cube",
            "synonyms": [
                "box",
                "cube"
            ]
        },
        {
            "keyword": "cylinder",
            "synonyms": [
                "barrel",
                "cylinder"
            ]
        },
        {
            "keyword": "sphere",
            "synonyms": [
                "ball",
                "sphere"
            ]
        }
    ]
}
