{
    "name": "food",
    "roles": [
        "food"
    ],
    "lookups": [
        "free-text",
        "keywords"
    ],
    "keywords": [
        {
            "keyword": "beer",
            "synonyms": [
                "alcoholic",
                "alcoholic drink",
                "beer",
                "budweiser",
                "craft beer",
                "heineken"
            ]
        },
        {
            "keyword": "burger",
            "synonyms": [
                "bread",
                "burger",
                "hamburger",
                "sandwich",
                "x burger",
                "x-burger"
            ]
        },
        {
            "keyword": "juice",
            "synonyms": [
                "fruit",
                "juice",
                "orange juice"
            ]
        },
        {
            "keyword": "soda",
            "synonyms": [
                "coca cola",
                "coke",
                "cola",
                "fanta",
                "soda"
            ]
        },
        {
            "keyword": "spaghetti",
            "synonyms": [
                "italian food",
                "noodle",
                "spaghetti"
            ]
        },
        {
            "keyword": "steak",
            "synonyms": [
                "meat",
                "pork",
                "rib",
                "steak"
            ]
        },
        {
            "keyword": "sushi",
            "synonyms": [
                "fish",
                "japanese",
                "nigiri",
                "oriental food",
                "sushi",
                "takoyaki"
            ]
        },
        {
            "keyword": "water",
            "synonyms": [
                "water"
            ]
        },
        {
            "keyword": "wine",
            "synonyms": [
                "wine"
            ]
        }
    ]
}
