{
    "name": "repeat",
    "roles": [
        "repeat"
    ],
    "lookups": [
        "free-text",
        "keywords"
    ],
    "keywords": [
        {
            "keyword": "again",
            "synonyms": [
                "again"
            ]
        },
        {
            "keyword": "repeat",
            "synonyms": [
                "repeat"
            ]
        },
        {
            "keyword": "understand",
            "synonyms": [
                "understand"
            ]
        }
    ]
}
