{
    "utterances": [
        {
            "text": "Can you repeat the order, please?",
            "entities": [],
            "traits": [],
            "intent": "wit$repeat_response"
        },
        {
            "text": "Can you repeat what you said, please?",
            "entities": [],
            "traits": [],
            "intent": "wit$repeat_response"
        },
        {
            "text": "Can you repeat, please?",
            "entities": [
                {
                    "entity": "repeat:repeat",
                    "start": 8,
                    "end": 14,
                    "body": "repeat",
                    "entities": []
                }
            ],
            "traits": [],
            "intent": "wit$repeat_response"
        },
        {
            "text": "Can you say it again, please?",
            "entities": [
                {
                    "entity": "repeat:repeat",
                    "start": 15,
                    "end": 20,
                    "body": "again",
                    "entities": []
                }
            ],
            "traits": [],
            "intent": "wit$repeat_response"
        },
        {
            "text": "Do you have japanese food here?",
            "entities": [
                {
                    "entity": "food:food",
                    "start": 12,
                    "end": 20,
                    "body": "japanese",
                    "entities": []
                }
            ],
            "traits": []
        },
        {
            "text": "I could not understand what you said.",
            "entities": [
                {
                    "entity": "repeat:repeat",
                    "start": 12,
                    "end": 23,
                    "body": "understand ",
                    "entities": []
                }
            ],
            "traits": [],
            "intent": "wit$repeat_response"
        },
        {
            "text": "I want to eat a burger tonight.",
            "entities": [
                {
                    "entity": "food:food",
                    "start": 16,
                    "end": 22,
                    "body": "burger",
                    "entities": []
                },
                {
                    "entity": "wit$datetime:datetime",
                    "start": 23,
                    "end": 30,
                    "body": "tonight",
                    "entities": []
                }
            ],
            "traits": []
        },
        {
            "text": "I want to have burger with soda.",
            "entities": [
                {
                    "entity": "food:food",
                    "start": 15,
                    "end": 21,
                    "body": "burger",
                    "entities": []
                },
                {
                    "entity": "food:food",
                    "start": 27,
                    "end": 31,
                    "body": "soda",
                    "entities": []
                }
            ],
            "traits": []
        },
        {
            "text": "I would like a burger and beer.",
            "entities": [
                {
                    "entity": "food:food",
                    "start": 15,
                    "end": 21,
                    "body": "burger",
                    "entities": []
                },
                {
                    "entity": "food:food",
                    "start": 26,
                    "end": 30,
                    "body": "beer",
                    "entities": []
                }
            ],
            "traits": []
        },
        {
            "text": "I would like a coke to drink.",
            "entities": [
                {
                    "entity": "food:food",
                    "start": 15,
                    "end": 19,
                    "body": "coke",
                    "entities": []
                }
            ],
            "traits": [],
            "intent": "food_order"
        },
        {
            "text": "I would like something alcoholic to drink.",
            "entities": [
                {
                    "entity": "food:food",
                    "start": 23,
                    "end": 32,
                    "body": "alcoholic",
                    "entities": []
                }
            ],
            "traits": [],
            "intent": "food_order"
        },
        {
            "text": "I would like to have a steak plate with wine.",
            "entities": [
                {
                    "entity": "food:food",
                    "start": 23,
                    "end": 28,
                    "body": "steak",
                    "entities": []
                },
                {
                    "entity": "food:food",
                    "start": 40,
                    "end": 44,
                    "body": "wine",
                    "entities": []
                }
            ],
            "traits": []
        },
        {
            "text": "Please, get me a spaghetti with water.",
            "entities": [
                {
                    "entity": "food:food",
                    "start": 17,
                    "end": 26,
                    "body": "spaghetti",
                    "entities": []
                },
                {
                    "entity": "food:food",
                    "start": 32,
                    "end": 37,
                    "body": "water",
                    "entities": []
                }
            ],
            "traits": []
        },
        {
            "text": "Sorry, we don't have apples here.",
            "entities": [
                {
                    "entity": "apologies:apologies",
                    "start": 0,
                    "end": 5,
                    "body": "Sorry",
                    "entities": []
                }
            ],
            "traits": [],
            "intent": "wit$negation"
        },
        {
            "text": "We don't have it here.",
            "entities": [
                {
                    "entity": "apologies:apologies",
                    "start": 3,
                    "end": 13,
                    "body": "don't have",
                    "entities": []
                }
            ],
            "traits": [],
            "intent": "wit$negation"
        },
        {
            "text": "What are the options regarding italian food here?",
            "entities": [
                {
                    "entity": "food:food",
                    "start": 31,
                    "end": 43,
                    "body": "italian food",
                    "entities": []
                }
            ],
            "traits": []
        },
        {
            "text": "make the cube green",
            "entities": [],
            "traits": []
        }
    ]
}
